{
    "Camera": {
        "ShakeRange": [
            0.5,
            0.0,
            0.5
        ],
        "ShakeTime": 0.30000001192092896,
        "offsetDegrees": [
            10.0,
            23.5,
            -4.800000190734863
        ],
        "offsetPos": [
            5.599999904632568,
            8.279999732971191,
            -20.860000610351563
        ]
    }
}
